{ "__applicationAndroidStyle": { "colorPrimary": "#07A8FF", "colorPrimaryDark": "#066ea6", "colorAccent": "#07A8FF", "v21": { "android:navigationBarColor": "#000000", "android:colorEdgeEffect": "#07A8FF" }, "v27": { "android:navigationBarColor": "#ffffff", "android:windowTranslucentStatus": true, "android:windowLightNavigationBar": true } }, ".sf-button": { "masksToBounds": true, "width": null, "height": 50, "borderRadius": 8, "textColor": "#FFFFFF", "textAlignment": "MIDCENTER", "backgroundColor": { "normal": "#00a1f1", "pressed": "rgba( 0, 129, 194, 1 )", "disabled": "rgba(210, 210, 210, 1)" }, "font": { "size": 16, "bold": true, "italic": false, "family": "SFProText", "style": "Semibold" }, "flexProps": { "positionType": "RELATIVE", "alignSelf": "AUTO" }, ".warning": { "backgroundColor": { "normal": "#9F6000" } }, ".error": { "backgroundColor": { "normal": "#D8000C" } }, ".success": { "backgroundColor": { "normal": "#4F8A10" } } }, ".sf-activityIndicator": { "width": 42, "height": 42, "color": "#00a1f1", "flexProps": { "positionType": "RELATIVE", "alignSelf": "CENTER" }, "ios": { "activityIndicatorViewStyle": "LARGE" }, "minHeight": 21, "minWidth": 21 }, ".sf-flexLayout": { "masksToBounds": true, "height": 343, "width": null, "flexProps": { "alignSelf": "AUTO", "direction": "INHERIT", "alignContent": "STRETCH", "alignItems": "STRETCH", "justifyContent": "FLEX_START", "flexWrap": "NOWRAP", "flexDirection": "COLUMN", "positionType": "RELATIVE" } }, ".sf-gifImageView": { "masksToBounds": true, "height": 343, "width": null, "imageFillType": "STRETCH", "flexProps": { "alignSelf": "AUTO", "positionType": "RELATIVE" } }, ".sf-gridViewItem": { "masksToBounds": true, "height": 227, "width": 165, "flexProps": { "alignSelf": "AUTO", "positionType": "RELATIVE", "alignContent": "STRETCH", "alignItems": "STRETCH" } }, ".sf-headerBar": { "masksToBounds": true, "visible": true, "transparent": false, "backgroundColor": "#00a1f1", "titleColor": "#ffffff", "itemColor": "#ffffff" }, ".sf-gridView": { "masksToBounds": true, "height": 343, "width": null, "backgroundColor": "rgba(255,255,255,0)", "flexProps": { "alignSelf": "AUTO", "positionType": "RELATIVE" } }, ".sf-imageView": { "masksToBounds": true, "height": 343, "width": null, "imageFillType": "NORMAL", "flexProps": { "alignSelf": "AUTO", "positionType": "RELATIVE" } }, ".sf-label": { "masksToBounds": true, "height": 50, "width": null, "ellipsizeMode": "END", "textColor": "#00a1f1", "textAlignment": "MIDLEFT", "font": { "size": 17, "bold": true, "italic": false, "family": "SFProText", "style": "Semibold" }, "flexProps": { "alignSelf": "AUTO", "positionType": "RELATIVE" } }, ".sf-listView": { "masksToBounds": true, "height": 216, "width": null, "flexProps": { "alignSelf": "AUTO", "positionType": "RELATIVE" } }, ".sf-mapView": { "masksToBounds": true, "height": 343, "width": null, "flexProps": { "alignSelf": "AUTO", "positionType": "RELATIVE" } }, ".sf-materialTextBox": { "ellipsizeMode": "END", "textAlignment": "MIDLEFT", "textColor": "rgba( 0,0,0,1 )", "errorColor": "rgba( 255,0,0,1 )", "hintTextColor": "rgba( 0,0,0,1 )", "cursorColor": "rgba( 0,161,241,1 )", "selectedHintTextColor": "rgba( 0,0,0,1 )", "height": 80, "width": null, "flexProps": { "positionType": "RELATIVE" }, "lineColor": { "normal": "rgba( 0,0,0,1 )", "selected": "rgba( 0,0,0,1 )" }, "font": { "size": 14, "family": "Default" }, "labelsFont": { "size": 14, "family": "Default" } }, ".sf-page": { "masksToBounds": true, "flexProps": { "alignContent": "STRETCH", "alignItems": "STRETCH", "direction": "INHERIT", "flexDirection": "COLUMN", "flexWrap": "NOWRAP", "justifyContent": "FLEX_START" }, "backgroundColor": "#FFFFFF" }, ".sf-listViewItem": { "masksToBounds": true, "height": 54, "width": 375, "flexProps": { "alignSelf": "STRETCH", "positionType": "RELATIVE", "alignContent": "STRETCH", "alignItems": "STRETCH" } }, ".sf-scrollView": { "masksToBounds": true, "height": 343, "width": null, "scrollBarEnabled": true, "flexProps": { "alignSelf": "AUTO", "positionType": "RELATIVE" }, "layout": { "flexProps": { "alignContent": "STRETCH", "alignItems": "STRETCH", "flexDirection": "COLUMN" } } }, ".sf-searchView": { "masksToBounds": true, "touchEnabled": true, "width": null, "height": 70, "textColor": "#000000", "borderWidth": 0, "backgroundColor": "rgb(246,246,246)", "textFieldBackgroundColor": "rgba(142,142,147,0.12)", "cursorColor": "rgba(66,107,242,1)", "hintColor": "rgb(142,142,147)", "textAlignment": "MIDLEFT", "font": { "size": 17, "bold": true, "italic": false, "family": "SFProText", "style": "Regular" }, "flexProps": { "alignSelf": "AUTO", "positionType": "RELATIVE" }, "input": { "height": 28 } }, ".sf-shimmerFlexLayout": { "masksToBounds": true, "height": 343, "width": null, "flexProps": { "alignSelf": "AUTO", "positionType": "RELATIVE" }, "layout": { "flexProps": { "alignContent": "STRETCH", "alignItems": "STRETCH", "flexDirection": "COLUMN" } }, "ios": { "animationAlpha": 0.5, "beginFadeDuration": 100, "endFadeDuration": 300, "speed": 230 }, "android": { "highlightAlpha": 0.5, "highlightLength": 1 } }, ".sf-slider": { "maxTrackColor": "rgb(183,183,183)", "minTrackColor": "#00a1f1", "value": 60, "maxValue": 100, "minValue": 0, "width": null, "flexProps": { "alignSelf": "AUTO", "positionType": "RELATIVE" }, "height": 40 }, ".sf-statusBar": { "masksToBounds": true, "android": { "color": "#00a1f1" }, "style": "LIGHTCONTENT", "visible": true }, ".sf-switch": { "width": 60, "android": { "toggleOffColor": "#EEEEEE" }, "toggleOnColor": "#00a1f1", "flexProps": { "alignSelf": "AUTO", "positionType": "RELATIVE" }, "minHeight": 31, "minWidth": 60 }, ".sf-textBox": { "masksToBounds": true, "height": 54, "width": null, "borderColor": "#00a1f1", "borderWidth": 1, "borderRadius": 4, "textColor": "#000000", "textAlignment": "MIDLEFT", "font": { "size": 16, "bold": false, "italic": false, "family": "SFProText", "style": "Regular" }, "flexProps": { "alignSelf": "AUTO", "positionType": "RELATIVE" } }, ".sf-textArea": { "masksToBounds": true, "height": 120, "width": null, "borderColor": "#00a1f1", "borderWidth": 1, "borderRadius": 4, "textColor": "#000000", "textAlignment": "MIDLEFT", "font": { "size": 16, "bold": false, "italic": false, "family": "SFProText", "style": "Regular" }, "flexProps": { "alignSelf": "AUTO", "positionType": "RELATIVE" } }, ".sf-view": { "masksToBounds": true, "height": 343, "width": null, "backgroundColor": "rgb(210, 210, 210)", "flexProps": { "positionType": "RELATIVE" } }, ".sf-textView": { "masksToBounds": true, "width": null, "height": 131, "ellipsizeMode": "END", "textAlignment": "MIDLEFT", "flexProps": { "alignSelf": "AUTO", "positionType": "RELATIVE" } }, ".sf-webView": { "masksToBounds": true, "height": 343, "width": null, "flexProps": { "alignSelf": "AUTO", "positionType": "RELATIVE" } }, ".sf-videoView": { "masksToBounds": true, "height": 343, "width": null, "flexProps": { "alignSelf": "AUTO", "positionType": "RELATIVE" } }, ".grow": { "&-relative": { "height": null, "width": null, "flexProps": { "flexGrow": 1 } }, "&-absolute": { "flexProps": { "positionType": "ABSOLUTE" }, "height": null, "width": null, "left": 0, "right": 0, "bottom": 0, "top": 0 } }, ".padding": { "&-vertical": { "paddingBottom": 15, "paddingTop": 15 }, "&-horizontal": { "paddingLeft": 15, "paddingRight": 15 } }, ".margin": { "&-vertical": { "marginBottom": 15, "marginTop": 15 }, "&-horizontal": { "marginLeft": 15, "marginRight": 15 } }, ".shadow": { "ios": { "shadowOffset": { "x": 2, "y": 3 }, "shadowRadius": 1, "shadowOpacity": 0.4, "masksToBounds": false }, "android": { "elevation": 5 } }, ".hidden": { "width": 0, "height": 0, "marginBottom": 0, "marginTop": 0, "marginLeft": 0, "marginRight": 0, "padding": 0, "paddingBottom": 0, "paddingLeft": 0, "paddingRight": 0, "paddingTop": 0 }, ".absolute": { ".topleft": { "height": null, "left": 0, "top": 0 }, ".topright": { "height": null, "top": 0, "right": 0 }, ".bottomleft": { "height": null, "bottom": 0, "left": 0 }, ".bottomright": { "height": null, "bottom": 0, "right": 0 }, "flexProps": { "positionType": "ABSOLUTE" } }, ".centerChild": { "flexProps": { "justifyContent": "CENTER" } }, "#search": { "flexProps": { "flexGrow": 1, "positionType": "RELATIVE", "alignSelf": "STRETCH", "alignItems": "CENTER", "justifyContent": "FLEX_START", "flexDirection": "ROW", "alignContent": "CENTER" } }, "#mainPage": { "&-list": { "flexProps": { "flexGrow": 5 } }, "&-profileInfo": { "flexProps": { "flexGrow": 5, "flexDirection": "ROW" } }, "&-searchButton": { "flexProps": { "flexGrow": 1, "alignSelf": "CENTER", "flexShrink": null, "positionType": "RELATIVE" }, "textColor": "rgba( 0, 0, 0, 1 )", "font": { "name": "", "family": "FontAwesome5BrandsRegular", "style": null, "bold": false, "italic": false, "size": 30 }, "ellipsizeMode": "END", "textAlignment": "MIDCENTER" }, "&-profilePhoto": { "flexProps": { "flexGrow": 1 }, "borderRadius": null, "borderWidth": null, "borderColor": "rgba( 255, 255, 255, 0 )", "alpha": 1, "visible": true, "backgroundColor": "rgba( 214, 52, 246, 0 )", "image": "smartface.png", "imageFillType": "ASPECTFIT" }, "&-profileName": { "flexProps": { "flexGrow": 3 }, "backgroundColor": "rgba( 0, 0, 0, 0 )", "textColor": "rgba( 0, 0, 0, 1 )", "ellipsizeMode": "END", "font": { "name": "", "family": "Default", "style": "Bold", "bold": true, "italic": false, "size": 14 }, "width": null, "height": null, "marginLeft": 10 }, "&-headers": { "textColor": "rgba( 0, 0, 0, 1 )", "font": { "name": "", "family": "Default", "style": "Bold", "bold": true, "italic": false, "size": 20 } }, "&-bookList": { "flexProps": { "flexGrow": 1 }, "&-textView": { "flexProps": { "flexGrow": 2, "alignSelf": "STRETCH", "direction": "INHERIT", "alignItems": "STRETCH", "justifyContent": "FLEX_START", "alignContent": "STRETCH", "flexWrap": "NOWRAP", "flexDirection": "COLUMN" }, "height": 160, "marginLeft": 10, "marginBottom": 20 }, "&-bookTitle": { "flexProps": { "flexGrow": null }, "textColor": "rgba( 0, 0, 0, 1 )", "font": { "name": "", "family": "Default", "style": "Bold", "bold": true, "italic": false }, "height": 50, "maxHeight": null }, "&-bookAuthor": { "flexProps": { "flexGrow": null }, "font": { "name": "", "family": "Default", "style": "Regular", "bold": false, "italic": false }, "textColor": "rgba( 90, 90, 90, 1 )", "height": 50, "maxHeight": null }, "&-point": { "flexProps": { "flexGrow": null }, "font": { "name": "", "family": "Default", "style": "Regular", "bold": false, "italic": false }, "textColor": "rgba( 0, 0, 0, 1 )", "height": 50, "maxHeight": 50 } }, "&-booList": { "&-image": { "flexProps": { "flexGrow": 1 }, "imageFillType": "ASPECTFILL", "height": null, "borderRadius": 5 } }, "&-lviBook": { "flexProps": { "positionType": "RELATIVE" }, "flex": { "positionType": 0 } }, "&-gviBook": { "flexProps": { "positionType": "RELATIVE" }, "flex": { "positionType": 0 } }, "&-separator": { "flexProps": { "positionType": "RELATIVE" }, "flex": { "positionType": 0 } }, "&-gridView": { "&-ImageContainer": { "height": 200, "flexProps": { "flexGrow": null }, "width": 165.3, "borderWidth": null, "borderRadius": null }, "&-titleContainer": { "height": 40, "flexProps": { "flexGrow": null } }, "&-authorContainer": { "height": 40, "flexProps": { "flexGrow": null } }, "&-image": { "imageFillType": "ASPECTFILL", "flexProps": { "flexGrow": 1 }, "borderRadius": 5 }, "&-infoContainer": { "height": 80, "width": 165 } } }, "#header": { "visible": false }, "#detailsPage": { "&-bookInfo": { "flexProps": { "flexGrow": 9, "alignItems": "STRETCH", "direction": "INHERIT", "justifyContent": "CENTER", "alignContent": "CENTER", "flexWrap": "NOWRAP" } }, "&-description": { "flexProps": { "flexGrow": 4, "alignSelf": "AUTO" }, "textAlignment": "MIDCENTER", "font": { "name": "", "family": "FontAwesome5BrandsRegular", "style": null, "bold": false, "italic": false }, "shadowColor": "rgba( 255, 255, 255, 1 )", "borderColor": "rgba( 255, 118, 0, 0 )", "width": 396.88, "height": 78.13 }, "&-buttons": { "flexProps": { "flexGrow": 1, "flexDirection": "ROW", "alignItems": "CENTER", "justifyContent": "CENTER" } }, "&-purchaseButton": { "flexProps": { "flexGrow": 1 }, "alpha": 1, "backgroundColor": { "normal": "rgba( 0, 0, 0, 1 )" }, "borderRadius": 25, "marginTop": 20 } }, "#bookPage": { "&-header": { "titleColor": "rgba( 0, 0, 0, 1 )", "itemColor": "rgba( 0, 0, 0, 1 )", "ios": { "translucent": false }, "transparent": false, "borderVisibility": false, "backgroundColor": "rgba( 255, 255, 255, 1 )" }, "&-author": { "flexProps": { "flexGrow": 2, "alignSelf": "STRETCH", "positionType": "RELATIVE" }, "textColor": "rgba( 0, 0, 0, 0.79 )", "font": { "name": "", "family": "Default", "style": "Regular", "bold": false, "italic": false }, "textAlignment": "MIDCENTER" }, "&-image": { "flexProps": { "flexGrow": 20 }, "imageFillType": "ASPECTFIT", "marginTop": 10 }, "&-bookName": { "flexProps": { "flexGrow": 2 }, "textColor": "rgba( 0, 0, 0, 1 )", "font": { "name": "", "family": "Default", "style": "Bold", "bold": true, "italic": false }, "textAlignment": "MIDCENTER" }, "&-point": { "flexProps": { "flexGrow": 2 }, "textAlignment": "MIDCENTER", "font": { "name": "", "family": "Default", "style": "Bold", "bold": true, "italic": false }, "textColor": "rgba( 0, 0, 0, 1 )" }, "&-detailButtons": { "flexProps": { "flexGrow": 1 }, "borderRadius": 25, "textColor": "rgba( 0, 0, 0, 1 )", "backgroundColor": { "normal": "rgba( 255, 255, 255, 1 )" }, "margin": 5, "font": { "name": "", "family": "FontAwesome5BrandsRegular", "style": null, "bold": false, "italic": false } } }, "#mainpage": { "&-bookList": { "&-imageView": { "flexProps": { "flexGrow": null, "alignSelf": "FLEX_START" }, "height": 160, "width": 120, "borderRadius": null } } }, ".boldText": { "textColor": "rgba( 0, 0, 0, 1 )", "font": { "name": "", "family": "Default", "style": "Bold", "size": 18, "bold": true, "italic": false }, "ellipsizeMode": "WORDWRAPPING", "height": 50 }, ".authorText": { "textColor": "rgba( 0, 0, 0, 0.77 )", "font": { "name": "", "family": "Default", "style": "Regular", "bold": false, "italic": false, "size": 12 }, "ellipsizeMode": "WORDWRAPPING", "height": 40 }, ".pointText": { "textColor": "rgba( 0, 0, 0, 0.78 )", "ellipsizeMode": "WORDWRAPPING", "height": 50 }, ".titleText": { "textColor": "rgba( 0, 0, 0, 1 )", "ellipsizeMode": "WORDWRAPPING", "font": { "name": "", "family": "Default", "style": "Bold", "bold": true, "italic": false, "size": 13 }, "height": 40 }, ".keyboardLayout": { "width": null, "height": 50, "flexProps": { "flexDirection": "ROW", "justifyContent": "SPACE_BETWEEN", "alignContent": "STRETCH", "alignItems": "STRETCH", "positionType": "RELATIVE" }, "backgroundColor": "rgba( 239, 239, 244, 1 )", "&-navigation": { "backgroundColor": "rgba( 255, 255, 255, 0 )", "width": 90, "flexProps": { "flexDirection": "ROW", "justifyContent": "SPACE_AROUND", "alignContent": "STRETCH", "flexWrap": "NOWRAP", "positionType": "RELATIVE" }, "height": null }, "&-image": { "width": 35, "height": 50, "imageFillType": "NORMAL", "alignSelf": "AUTO", ".up": { "image": "keyboardlayout_up.png", "tintColor": "rgba( 0, 161, 241, 1 )", ".disabled": { "tintColor": "rgba( 209, 209, 214, 1 )" } }, ".down": { "image": "keyboardlayout_down.png", "tintColor": "rgba( 0, 161, 241, 1 )", ".disabled": { "tintColor": "rgba( 209, 209, 214, 1 )" } } }, "&-button": { "flexProps": { "positionType": "RELATIVE", "alignSelf": "AUTO" }, "textColor": "rgba( 0, 161, 241, 1 )", "height": null, "textAlignment": "MIDCENTER", "font": { "family": "SFProText", "style": "Semibold", "bold": true, "size": 16, "italic": false }, "backgroundColor": "rgba( 255, 255, 255, 0 )" }, "paddingRight": 16 }, ".materialTextBox": { "ellipsizeMode": "END", "textAlignment": "MIDLEFT", "textColor": "rgba( 0,0,0,1 )", "errorColor": "rgba( 255,0,0,1 )", "hintTextColor": "rgba( 0,0,0,1 )", "cursorColor": "rgba( 0,161,241,1 )", "selectedHintTextColor": "rgba( 0,0,0,1 )", "lineColor": { "normal": "rgba( 0,0,0,1 )", "selected": "rgba( 0,0,0,1 )" }, "font": { "size": 14, "family": "Default" }, "labelsFont": { "size": 14, "family": "Default" } }, ".materialTextBox-rightLayout": { "paddingBottom": 4, "marginLeft": 1, "marginRight": 1, "flexProps": { "alignItems": "FLEX_END", "justifyContent": "FLEX_END", "flexGrow": 1 }, "&-rightLabel": { "textColor": "rgba( 119,119,119,1 )", "textAlignment": "MIDRIGHT", "font": { "size": 12, "family": "Default" } }, "+Device:Device.os === \"Android\"": { "marginLeft": 4, "marginRight": 4 } }, ".materialTextBox-wrapper": { "height": null, "width": null, "marginLeft": -1, "marginRight": -1, "+Device:Device.os === \"Android\"": { "height": 81, "marginBottom": -8, "marginLeft": -4, "marginRight": -4 } }, ".materialTextBox-wrapper-dropArrow": { "flexProps": { "positionType": "ABSOLUTE" }, "right": 2, "height": 30, "width": 30, "top": 20, "image": "arrowbottom.png", ".hidden": { "visible": false } }, ".sf": { "&-gridViewItem": { "flexProps": { "flexGrow": 1, "justifyContent": "CENTER" }, "width": 150, "height": 100 }, "&-label": { "textColor": "rgba( 0, 0, 0, 0.76 )" }, "&-statusBar": { "visible": false } }, "#statusBar": { "visible": true, "style": "LIGHTCONTENT" }, ".gviBook": { "node": null, "x": 121.88, "y": 161.3, "deltaX": 46.88, "deltaY": -102.76, "lastX": 75, "lastY": 264.06, "&-image": { "width": 342.19, "height": 179.69 }, "width": 165.63, "height": 281.25, "&-author": { "width": 165.63, "height": 118.75 } }, ".lviBook": { "width": 375, "height": 214.06, "&-author": { "width": 250, "height": 76.56 }, "&-title": { "width": 250, "height": 62.5 }, "flexProps": { "flexDirection": "ROW" }, "&-flexLayout2": { "flexProps": { "flexGrow": 1, "flexDirection": "COLUMN" }, "height": null, "width": null }, "&-flexLayout3": { "flexProps": { "flexGrow": 1, "flexDirection": "COLUMN" }, "height": null, "width": null }, "&-flexLayout4": { "flexProps": { "flexGrow": 1 }, "height": null, "width": null }, "&-flexLayout5": { "flexProps": { "flexGrow": 1, "flexDirection": "COLUMN" }, "height": null, "width": null }, "&-flexLayout6": { "flexProps": { "flexGrow": 1, "flexDirection": "COLUMN" }, "height": null, "width": null }, "&-flexLayout7": { "flexProps": { "flexGrow": 1, "flexDirection": "COLUMN" }, "height": null, "width": null }, "&-imageContainer": { "width": 68.75, "height": 150 }, "&-image": { "width": 120.31, "height": 164.06 }, "&-infoContainer": { "width": 245.31, "height": 151.56 } }, ".pageTitleLayout": { "backgroundColor": "rgba( 255, 255, 255, 0 )", "flexProps": { "flexDirection": "COLUMN", "justifyContent": "CENTER" }, "height": 50, "&-logo": { "tintColor": "rgba( 255, 255, 255, 1 )", "height": 25, "imageFillType": "ASPECTFIT", "flexProps": { "alignSelf": "CENTER" }, "width": 120 } }, ".separator": { "backgroundColor": "rgba(222, 222, 222, 1)", "width": 410.94, ".relative": { "height": 1, "flexProps": { "positionType": "RELATIVE" } }, ".absolute": { "height": 1, "flexProps": { "positionType": "ABSOLUTE" } }, "height": 15.63 }, ".simple-gridviewItem": { "flexProps": { "justifyContent": "FLEX_START", "alignItems": "STRETCH" }, "height": 227, "width": 165, "&-preview": { "height": 165, "flexProps": { "alignSelf": "CENTER" }, "image": "imageview_preview.png", "imageFillType": "ASPECTFIT", "marginBottom": null, "marginTop": null, "marginLeft": 15, "marginRight": 15, "width": null }, "&-title": { "flexProps": { "positionType": "RELATIVE", "alignSelf": "AUTO" }, "font": { "size": 15, "bold": true, "italic": false, "family": "SFProText", "style": "Semibold" }, "height": 20, "marginBottom": null, "marginTop": 13, "textAlignment": "MIDCENTER", "textColor": "rgba( 0, 0, 0, 1 )" }, "&-subtitle": { "flexProps": { "positionType": "RELATIVE", "alignSelf": "AUTO" }, "font": { "size": 13, "bold": false, "italic": false, "family": "SFProText", "style": "Regular" }, "height": 18, "marginBottom": 12, "marginTop": null, "textAlignment": "MIDCENTER", "textColor": "rgba( 0, 0, 0, 1 )" } }, ".simple": { "&-listviewItem": { "flexProps": { "alignItems": "FLEX_START", "alignSelf": "STRETCH", "justifyContent": "CENTER", "flexGrow": null }, "marginBottom": 30 }, "&-gridviewItem": { "&-title": { "flexProps": { "alignSelf": "AUTO", "flexGrow": 1 }, "textAlignment": "MIDLEFT" }, "&-subtitle": { "textAlignment": "MIDLEFT", "flexProps": { "flexGrow": 1, "alignSelf": "AUTO" } }, "&-preview": { "imageFillType": "ASPECTFIT", "flexProps": { "flexGrow": 10 } }, "width": 165, "height": 227, "flexProps": { "positionType": "RELATIVE", "alignSelf": "AUTO", "alignItems": "STRETCH", "justifyContent": "FLEX_START", "alignContent": "CENTER" } }, "&_gridviewItem": { "&-imgPreview": { "width": 342.19, "height": 173.44, "flexProps": { "flexGrow": 15 } } }, "&_listviewItem": { "&-lblTitle": { "width": 256.25, "height": 53.13 }, "&-flLine": { "left": 10.94, "top": 81.25 } } }, ".simple-listviewItem": { "flexProps": { "flexDirection": "ROW", "alignItems": "CENTER" }, "&-title": { "flexProps": { "flexGrow": 3, "alignSelf": "AUTO" }, "font": { "size": 16, "bold": false, "italic": false, "family": "SFProText", "style": "Regular" }, "marginBottom": null, "marginLeft": 16, "marginTop": null, "textColor": "rgba( 0, 0, 0, 1 )", "width": null }, "&-chevron": { "marginBottom": null, "marginRight": 16, "marginTop": null, "textAlignment": "MIDRIGHT", "textColor": "rgba( 0, 0, 0, 0.25 )", "width": null, "flexProps": { "flexGrow": 1 }, "font": { "size": 13, "bold": false, "italic": false, "family": "FontAwesome5FreeSolid", "style": null } }, "&-line": { "backgroundColor": "rgba( 210, 210, 210, 1 )", "bottom": 0, "flexProps": { "positionType": "ABSOLUTE" }, "height": 1, "left": 16, "marginBottom": null, "marginTop": null, "right": 0 } }, "#page1": { "flexProps": { "justifyContent": "SPACE_BETWEEN", "alignItems": "STRETCH" }, "paddingLeft": 16, "paddingRight": 16, "&-lbl": { "backgroundColor": "rgba( 255, 255, 255, 0 )", "flexProps": { "marginLeft": 20, "marginRight": 20, "alignSelf": "STRETCH" }, "font": { "size": 32, "bold": false, "italic": false, "family": "SFProText", "style": "Regular" }, "multiline": true, "textAlignment": "MIDCENTER", "textColor": "rgba(210, 210, 210, 1)" }, "&-btnNext": { "flexProps": { "alignSelf": "AUTO", "positionType": "RELATIVE" }, "width": null }, "&-wrapper": { "flexProps": { "flexGrow": 1, "justifyContent": "CENTER" }, "height": null, "width": null }, "&-searchButton": { "width": 78.13, "height": 65.63, "flexProps": { "alignSelf": "CENTER" } }, "backgroundColor": "rgba( 255, 255, 255, 1 )" }, "#page2": { "flexProps": { "justifyContent": "SPACE_AROUND" }, "paddingLeft": 16, "paddingRight": 16, "&-lbl": { "backgroundColor": "rgba( 255, 255, 255, 0 )", "flexProps": { "marginLeft": 20, "marginRight": 20, "alignSelf": "STRETCH", "flexGrow": 1 }, "font": { "size": 32, "bold": false, "italic": false, "family": "SFProText", "style": "Regular" }, "height": 40.63, "multiline": true, "textAlignment": "MIDCENTER", "textColor": "rgba(210, 210, 210, 1)", "width": 396.88 }, "&-btnSayHello": { "flexProps": { "alignSelf": "AUTO", "positionType": "RELATIVE" }, "left": 0, "top": 0, "width": null, "marginBottom": 10 }, "&-btnOpenModal": { "flexProps": { "alignSelf": "AUTO", "positionType": "RELATIVE" }, "left": 0, "top": 0, "width": null }, "&-btnLanguage": { "flexProps": { "alignSelf": "AUTO", "positionType": "RELATIVE" }, "width": null, "marginBottom": 10, "marginTop": 10 }, "backgroundColor": "rgba( 255, 255, 255, 1 )", "paddingTop": 10, "paddingBottom": 10 }, "#page3": { "&-btnGoBack": { "flexProps": { "alignSelf": "STRETCH" } }, "flexProps": { "justifyContent": "FLEX_END" } } }
